<?xml version="1.0" encoding="UTF-8"?>
<ApexPage xmlns="http://soap.sforce.com/2006/04/metadata">
    <apiVersion>40.0</apiVersion>
    <availableInTouch>true</availableInTouch>
    <confirmationTokenRequired>false</confirmationTokenRequired>
    <label>ListViewRedirect</label>
    <packageVersions>
        <majorNumber>1</majorNumber>
        <minorNumber>8</minorNumber>
        <namespace>EditQuotas</namespace>
    </packageVersions>
    <packageVersions>
        <majorNumber>1</majorNumber>
        <minorNumber>9642</minorNumber>
        <namespace>SDOC</namespace>
    </packageVersions>
    <packageVersions>
        <majorNumber>1</majorNumber>
        <minorNumber>5</minorNumber>
        <namespace>arao</namespace>
    </packageVersions>
    <packageVersions>
        <majorNumber>1</majorNumber>
        <minorNumber>0</minorNumber>
        <namespace>oauthplayground</namespace>
    </packageVersions>
    <packageVersions>
        <majorNumber>3</majorNumber>
        <minorNumber>51</minorNumber>
        <namespace>pi</namespace>
    </packageVersions>
    <packageVersions>
        <majorNumber>1</majorNumber>
        <minorNumber>20</minorNumber>
        <namespace>sfLma</namespace>
    </packageVersions>
    <packageVersions>
        <majorNumber>1</majorNumber>
        <minorNumber>8</minorNumber>
        <namespace>sf_chttr_apps</namespace>
    </packageVersions>
    <packageVersions>
        <majorNumber>1</majorNumber>
        <minorNumber>7</minorNumber>
        <namespace>sf_com_apps</namespace>
    </packageVersions>
    <packageVersions>
        <majorNumber>1</majorNumber>
        <minorNumber>72</minorNumber>
        <namespace>zline</namespace>
    </packageVersions>
</ApexPage>
